Workbook

Sheet Tổng hợp
A1: DANH MỤC CHUẨN BỊ TRIỂN KHAI S-ERP TẠI HIỆN TRƯỜNG
A3: Tên khách hàng
A4: Địa chỉ triển khai
A5: Người liên hệ chính
A6: Điện thoại / Email
A7: Ngày dự kiến đến hiện trường
A8: Phụ trách triển khai (bên cài đặt)
A9: Ngày cập nhật file
A11: TIẾN ĐỘ CHUẨN BỊ
A12: Nhóm | B12: Tổng hạng mục | C12: Đã xong | D12: Đang chuẩn bị | E12: Chưa chuẩn bị | F12: Không áp dụng | G12: % hoàn thành
A13: 1. Hạ tầng & Phần cứng | B13: =COUNTA('1. Hạ tầng & Phần cứng'!H5:H200) | C13: =COUNTIF('1. Hạ tầng & Phần cứng'!H5:H200,"Đã xong") | D13: =COUNTIF('1. Hạ tầng & Phần cứng'!H5:H200,"Đang chuẩn bị") | E13: =COUNTIF('1. Hạ tầng & Phần cứng'!H5:H200,"Chưa chuẩn bị") | F13: =COUNTIF('1. Hạ tầng & Phần cứng'!H5:H200,"Không áp dụng") | G13: =IF(B13-F13=0,0,C13/(B13-F13))
A14: 2. Phần mềm & Truy cập | B14: =COUNTA('2. Phần mềm & Truy cập'!H5:H200) | C14: =COUNTIF('2. Phần mềm & Truy cập'!H5:H200,"Đã xong") | D14: =COUNTIF('2. Phần mềm & Truy cập'!H5:H200,"Đang chuẩn bị") | E14: =COUNTIF('2. Phần mềm & Truy cập'!H5:H200,"Chưa chuẩn bị") | F14: =COUNTIF('2. Phần mềm & Truy cập'!H5:H200,"Không áp dụng") | G14: =IF(B14-F14=0,0,C14/(B14-F14))
A15: 3. Thiết lập hệ thống | B15: =COUNTA('3. Thiết lập hệ thống'!H5:H200) | C15: =COUNTIF('3. Thiết lập hệ thống'!H5:H200,"Đã xong") | D15: =COUNTIF('3. Thiết lập hệ thống'!H5:H200,"Đang chuẩn bị") | E15: =COUNTIF('3. Thiết lập hệ thống'!H5:H200,"Chưa chuẩn bị") | F15: =COUNTIF('3. Thiết lập hệ thống'!H5:H200,"Không áp dụng") | G15: =IF(B15-F15=0,0,C15/(B15-F15))
A16: 5. Danh mục dữ liệu | B16: =COUNTA('5. Danh mục dữ liệu'!H5:H19) | C16: =COUNTIF('5. Danh mục dữ liệu'!H5:H19,"Đã xong") | D16: =COUNTIF('5. Danh mục dữ liệu'!H5:H19,"Đang chuẩn bị") | E16: =COUNTIF('5. Danh mục dữ liệu'!H5:H19,"Chưa chuẩn bị") | F16: =COUNTIF('5. Danh mục dữ liệu'!H5:H19,"Không áp dụng") | G16: =IF(B16-F16=0,0,C16/(B16-F16))
A17: TỔNG CỘNG | B17: =SUM(B13:B16) | C17: =SUM(C13:C16) | D17: =SUM(D13:D16) | E17: =SUM(E13:E16) | F17: =SUM(F13:F16) | G17: =IF(B17-F17=0,0,C17/(B17-F17))
A18: Hạng mục BẮT BUỘC chưa xong | B18: =COUNTIFS('1. Hạ tầng & Phần cứng'!E5:E200,"Có",'1. Hạ tầng & Phần cứng'!H5:H200,"<>Đã xong",'1. Hạ tầng & Phần cứng'!H5:H200,"<>Không áp dụng",'1. Hạ tầng & Phần cứng'!C5:C200,"<>")+COUNTIFS('2. Phần mềm & Truy cập'!E5:E200,"Có",'2. Phần mềm & Truy cập'!H5:H200,"<>Đã xong",'2. Phần mềm & Truy cập'!H5:H200,"<>Không áp dụng",'2. Phần mềm & Truy cập'!C5:C200,"<>")+COUNTIFS('3. Thiết lập hệ thống'!E5:E200,"Có",'3. Thiết lập hệ thống'!H5:H200,"<>Đã xong",'3. Thiết lập hệ thống'!H5:H200,"<>Không áp dụng",'3. Thiết lập hệ thống'!C5:C200,"<>")+COUNTIFS('5. Danh mục dữ liệu'!F5:F19,"Có",'5. Danh mục dữ liệu'!H5:H19,"<>Đã xong",'5. Danh mục dữ liệu'!H5:H19,"<>Không áp dụng") | C18: Phải bằng 0 trước ngày đến hiện trường.
A20: HƯỚNG DẪN SỬ DỤNG
A21: Ô nền vàng | B21: Ô khách hàng điền. Các ô khác là nội dung mẫu, không cần sửa.
A22: Dòng nền xám | B22: Dòng ví dụ minh họa cách điền (sheet 4) — xóa hoặc ghi đè.
A23: Cột "Trạng thái" | B23: Chọn từ danh sách: Chưa chuẩn bị / Đang chuẩn bị / Đã xong / Không áp dụng. Bảng tiến độ phía trên tự cập nhật.
A24: Cột "Bắt buộc" = Có | B24: Phải hoàn tất trước ngày triển khai; nếu không thể, ghi lý do ở cột Ghi chú và báo đội triển khai.
A25: Dòng trống cuối mỗi sheet | B25: Thêm hạng mục riêng của khách hàng nếu có.
A26: Bảo mật | B26: KHÔNG ghi mật khẩu vào file này. Mật khẩu bàn giao trực tiếp khi cài đặt.
A27: Gửi lại file | B27: Gửi file đã điền cho đội triển khai ít nhất 5 ngày làm việc trước ngày đến hiện trường.

Sheet 1. Hạ tầng & Phần cứng
A1: HẠ TẦNG & PHẦN CỨNG
A2: Máy chủ, máy trạm, mạng và thiết bị ngoại vi phải sẵn sàng trước ngày đội triển khai đến hiện trường.
A4: STT | B4: Nhóm | C4: Hạng mục cần chuẩn bị | D4: Yêu cầu / mô tả chi tiết | E4: Bắt buộc | F4: Người phụ trách (phía KH) | G4: Hạn hoàn thành | H4: Trạng thái | I4: Ghi chú / thông tin cung cấp
A5: 1 | B5: Máy chủ | C5: Máy chủ cài ứng dụng + CSDL | D5: Tối thiểu CPU 4 nhân, RAM 16 GB, ổ SSD 250 GB trống (khuyến nghị 8 nhân / 32 GB nếu > 30 người dùng đồng thời). Máy chạy 24/7, dùng riêng cho S-ERP. | E5: Có | H5: Chưa chuẩn bị
A6: 2 | B6: Máy chủ | C6: Hệ điều hành máy chủ | D6: Windows Server 2019/2022 (hoặc Windows 10/11 Pro 64-bit cho đơn vị nhỏ), đã cập nhật bản vá, có bản quyền. | E6: Có | H6: Chưa chuẩn bị
A7: 3 | B7: Máy chủ | C7: Bộ lưu điện (UPS) | D7: UPS cho máy chủ, đủ thời gian tắt máy an toàn khi mất điện (≥ 15 phút). | E7: Có | H7: Chưa chuẩn bị
A8: 4 | B8: Máy chủ | C8: Ổ / nơi lưu sao lưu | D8: Ổ cứng ngoài, NAS hoặc thư mục mạng tách khỏi ổ chứa CSDL; dung lượng ≥ 2 lần dữ liệu dự kiến. | E8: Có | H8: Chưa chuẩn bị
A9: 5 | B9: Máy trạm | C9: Máy tính người dùng | D9: Windows 10/11 hoặc macOS, RAM ≥ 8 GB, màn hình ≥ 1366×768 (khuyến nghị Full HD). Ghi rõ số lượng máy ở cột Ghi chú. | E9: Có | H9: Chưa chuẩn bị
A10: 6 | B10: Máy trạm | C10: Trình duyệt | D10: Google Chrome hoặc Microsoft Edge bản mới nhất trên mọi máy trạm. | E10: Có | H10: Chưa chuẩn bị
A11: 7 | B11: Mạng | C11: Mạng nội bộ (LAN/Wi-Fi) | D11: Máy trạm kết nối được tới máy chủ; tốc độ LAN ≥ 100 Mbps. | E11: Có | H11: Chưa chuẩn bị
A12: 8 | B12: Mạng | C12: IP tĩnh cho máy chủ | D12: Cấp IP tĩnh (hoặc đặt cố định trên DHCP) và tên máy chủ. Ghi IP vào cột Ghi chú. | E12: Có | H12: Chưa chuẩn bị
A13: 9 | B13: Mạng | C13: Mở cổng tường lửa | D13: Cho phép máy trạm truy cập cổng 3000 (giao diện) và 2512 (API) trên máy chủ, hoặc 80/443 nếu dùng tên miền + HTTPS. | E13: Có | H13: Chưa chuẩn bị
A14: 10 | B14: Mạng | C14: Truy cập từ xa / ngoài công ty | D14: Nếu cần dùng ngoài văn phòng: tên miền, chứng chỉ SSL, VPN hoặc NAT cổng. Ghi phương án đã chọn. | E14: Không | H14: Chưa chuẩn bị
A15: 11 | B15: Mạng | C15: Kết nối Internet | D15: Máy chủ có Internet trong lúc cài đặt (tải bộ cài, cập nhật) và để dùng trợ lý AI (tùy chọn). | E15: Có | H15: Chưa chuẩn bị
A16: 12 | B16: Thiết bị | C16: Máy in | D16: Máy in phiếu (A4/A5) đã cài driver trên máy trạm in chứng từ; ghi model ở cột Ghi chú. | E16: Không | H16: Chưa chuẩn bị
... A18: 14 | B18: Thiết bị | C18: Phòng đào tạo | D18: Phòng họp có máy chiếu/TV, ổ điện, Wi-Fi cho buổi đào tạo người dùng. | E18: Có | H18: Chưa chuẩn bị
A19: =IF(C19="","",ROW()-4)
A20: =IF(C20="","",ROW()-4)
A21: =IF(C21="","",ROW()-4)
A22: =IF(C22="","",ROW()-4)
A23: =IF(C23="","",ROW()-4)

Sheet 2. Phần mềm & Truy cập
A1: PHẦN MỀM & TRUY CẬP
A2: Quyền và phần mềm nền đội triển khai cần trên máy chủ. Mật khẩu KHÔNG ghi vào file này — bàn giao trực tiếp khi cài đặt.
A4: STT | B4: Nhóm | C4: Hạng mục cần chuẩn bị | D4: Yêu cầu / mô tả chi tiết | E4: Bắt buộc | F4: Người phụ trách (phía KH) | G4: Hạn hoàn thành | H4: Trạng thái | I4: Ghi chú / thông tin cung cấp
A5: 1 | B5: Quyền truy cập | C5: Tài khoản quản trị máy chủ | D5: Tài khoản Administrator (hoặc thuộc nhóm Administrators) trên máy chủ để cài đặt dịch vụ. Bàn giao trực tiếp, không gửi qua email. | E5: Có | H5: Chưa chuẩn bị
A6: 2 | B6: Quyền truy cập | C6: Truy cập từ xa để hỗ trợ | D6: Đồng ý cho phép dùng UltraViewer / TeamViewer / AnyDesk hoặc RDP qua VPN trong giai đoạn triển khai. | E6: Có | H6: Chưa chuẩn bị
A7: 3 | B7: Phần mềm nền | C7: PostgreSQL 16 | D7: Cài sẵn hoặc cho phép đội triển khai cài. Nếu khách hàng đã có máy chủ PostgreSQL: cung cấp địa chỉ, cổng và tài khoản tạo được CSDL. | E7: Có | H7: Chưa chuẩn bị
A8: 4 | B8: Phần mềm nền | C8: .NET 10 (ASP.NET Core Hosting Bundle) | D8: Cho phép cài .NET 10 Runtime trên máy chủ (chạy API S-ERP dưới dạng Windows Service). | E8: Có | H8: Chưa chuẩn bị
A9: 5 | B9: Phần mềm nền | C9: Node.js bản LTS | D9: Cho phép cài Node.js LTS trên máy chủ (chạy giao diện web S-ERP). | E9: Có | H9: Chưa chuẩn bị
A10: 6 | B10: Phần mềm nền | C10: Phần mềm diệt virus | D10: Thêm thư mục cài S-ERP và thư mục dữ liệu PostgreSQL vào danh sách loại trừ nếu phần mềm diệt virus chặn. | E10: Không | H10: Chưa chuẩn bị
A11: 7 | B11: Bảo mật | C11: Chính sách sao lưu | D11: Thống nhất tần suất (khuyến nghị hằng ngày), giờ chạy, số bản giữ lại và người kiểm tra bản sao lưu. | E11: Có | H11: Chưa chuẩn bị
A12: 8 | B12: Bảo mật | C12: Người quản trị hệ thống phía KH | D12: Chỉ định 1 người IT nắm mật khẩu quản trị S-ERP (tài khoản admin) và quyền máy chủ. | E12: Có | H12: Chưa chuẩn bị
A13: 9 | B13: Tích hợp | C13: Trợ lý AI (Gemini) | D13: Nếu dùng: khách hàng tạo và tự giữ API key của Google Gemini; đồng ý dữ liệu hỏi đáp được gửi tới Google. | E13: Không | H13: Chưa chuẩn bị
A14: 10 | B14: Tích hợp | C14: Kết nối phần mềm khác | D14: Liệt kê phần mềm cần trao đổi dữ liệu (kế toán, hóa đơn điện tử, ngân hàng…) và đầu mối kỹ thuật. | E14: Không | H14: Chưa chuẩn bị
A15: =IF(C15="","",ROW()-4)
A16: =IF(C16="","",ROW()-4)
A17: =IF(C17="","",ROW()-4)
A18: =IF(C18="","",ROW()-4)
A19: =IF(C19="","",ROW()-4)

Sheet 3. Thiết lập hệ thống
A1: THIẾT LẬP HỆ THỐNG
A2: Thông tin dùng để cấu hình S-ERP (Cài đặt hệ thống). Điền chi tiết ở các sheet dữ liệu tương ứng nếu có.
A4: STT | B4: Nhóm | C4: Hạng mục cần chuẩn bị | D4: Yêu cầu / mô tả chi tiết | E4: Bắt buộc | F4: Người phụ trách (phía KH) | G4: Hạn hoàn thành | H4: Trạng thái | I4: Ghi chú / thông tin cung cấp
A5: 1 | B5: Thông tin công ty | C5: Hồ sơ công ty | D5: Tên đầy đủ, tên viết tắt, mã số thuế, địa chỉ, điện thoại, email, website, người đại diện, logo (file PNG/JPG nền trong). | E5: Có | H5: Chưa chuẩn bị
A6: 2 | B6: Thông tin công ty | C6: Đơn vị cơ sở (DVCS) | D6: Danh sách công ty con / chi nhánh hạch toán riêng: mã, tên, MST, địa chỉ. Điền sheet "5. Danh mục" (Đơn vị cơ sở). | E6: Có | H6: Chưa chuẩn bị
A7: 3 | B7: Thông tin công ty | C7: Phòng ban | D7: Danh sách phòng ban theo từng đơn vị: mã, tên, trưởng phòng. | E7: Có | H7: Chưa chuẩn bị
A8: 4 | B8: Kỳ kế toán | C8: Năm tài chính | D8: Ngày bắt đầu năm tài chính (thường 01/01). | E8: Có | H8: Chưa chuẩn bị
A9: 5 | B9: Kỳ kế toán | C9: Ngày bắt đầu nhập liệu | D9: Ngày bắt đầu dùng S-ERP chính thức; chứng từ trước ngày này không nhập được. | E9: Có | H9: Chưa chuẩn bị
A10: 6 | B10: Kỳ kế toán | C10: Khóa sổ | D10: Quy định khóa sổ theo tháng: ai được khóa / mở khóa, hạn khóa hằng tháng. | E10: Không | H10: Chưa chuẩn bị
A11: 7 | B11: Tiền tệ | C11: Đồng tiền & tỷ giá | D11: Đồng tiền hạch toán (mặc định VND), các ngoại tệ sử dụng, nguồn tỷ giá (ngân hàng nào) và tỷ giá đầu kỳ. | E11: Có | H11: Chưa chuẩn bị
A12: 8 | B12: Chứng từ | C12: Quy tắc đánh số chứng từ | D12: Tiền tố và độ dài số cho từng loại phiếu (VD: PN-2026-00001 cho phiếu nhập), đánh lại số theo năm/tháng hay không. | E12: Có | H12: Chưa chuẩn bị
A13: 9 | B13: Chứng từ | C13: Quy trình duyệt | D13: Loại phiếu nào cần duyệt, người duyệt theo phòng ban / giá trị, số cấp duyệt. | E13: Không | H13: Chưa chuẩn bị
A14: 10 | B14: Chứng từ | C14: Mẫu in | D14: Mẫu phiếu in hiện dùng (file scan hoặc Word/Excel) cho phiếu nhập, phiếu xuất, đơn hàng… | E14: Không | H14: Chưa chuẩn bị
A15: 11 | B15: Hiển thị | C15: Định dạng số | D15: Dấu phân cách hàng nghìn / thập phân, số chữ số lẻ cho số lượng, đơn giá, thành tiền. | E15: Có | H15: Chưa chuẩn bị
A16: 12 | B16: Hiển thị | C16: Ngôn ngữ | D16: Ngôn ngữ mặc định (Tiếng Việt / English) và người dùng cần ngôn ngữ khác. | E16: Không | H16: Chưa chuẩn bị
... A18: 14 | B18: Phân quyền | C18: Danh sách người dùng | D18: Điền sheet "4. Người dùng". | E18: Có | H18: Chưa chuẩn bị
A19: =IF(C19="","",ROW()-4)
A20: =IF(C20="","",ROW()-4)
A21: =IF(C21="","",ROW()-4)
A22: =IF(C22="","",ROW()-4)
A23: =IF(C23="","",ROW()-4)

Sheet 4. Người dùng
A1: DANH SÁCH NGƯỜI DÙNG
A2: Mỗi dòng một người dùng. Dòng 5 (nền xám) là ví dụ — xóa hoặc ghi đè. Mật khẩu ban đầu do đội triển khai cấp, người dùng đổi khi đăng nhập lần đầu.
A4: STT | B4: Tên đăng nhập | C4: Họ và tên | D4: Email | E4: Điện thoại | F4: Đơn vị cơ sở | G4: Mã phòng ban | H4: Chức vụ | I4: Vai trò (nhóm quyền) | J4: Ngôn ngữ | K4: Được duyệt phiếu | L4: Ghi chú
A5: 1 | B5: nguyenvana | C5: Nguyễn Văn A | D5: a.nguyen@congty.vn | E5: 0901234567 | F5: HN | G5: KHO | H5: Thủ kho | I5: Thủ kho | J5: Tiếng Việt | K5: Không | L5: Ví dụ
A6: =IF(B6="","",ROW()-4)
A7: =IF(B7="","",ROW()-4)
A8: =IF(B8="","",ROW()-4)
A9: =IF(B9="","",ROW()-4)
A10: =IF(B10="","",ROW()-4)
A11: =IF(B11="","",ROW()-4)
A12: =IF(B12="","",ROW()-4)
A13: =IF(B13="","",ROW()-4)
A14: =IF(B14="","",ROW()-4)
A15: =IF(B15="","",ROW()-4)
A16: =IF(B16="","",ROW()-4)
A17: =IF(B17="","",ROW()-4)
... A55: =IF(B55="","",ROW()-4)

Sheet 5. Danh mục dữ liệu
A1: DANH MỤC DỮ LIỆU BAN ĐẦU
A2: Dữ liệu khách hàng gửi trước để nhập sẵn vào hệ thống. Ưu tiên file Excel, mỗi danh mục một sheet, dòng đầu là tiêu đề cột.
A4: STT | B4: Danh mục | C4: Các cột thông tin cần có | D4: Số lượng dự kiến | E4: Định dạng file KH cung cấp | F4: Bắt buộc | G4: Hạn gửi | H4: Trạng thái | I4: Ghi chú
A5: 1 | B5: Đơn vị cơ sở (DVCS) | C5: Mã, tên, MST, địa chỉ, điện thoại, đơn vị cha (nếu có). | E5: Excel | F5: Có | H5: Chưa chuẩn bị
A6: 2 | B6: Phòng ban | C6: Mã, tên, thuộc DVCS, trưởng phòng. | E6: Excel | F6: Có | H6: Chưa chuẩn bị
A7: 3 | B7: Đơn vị tính | C7: Mã, tên (cái, hộp, kg, thùng…). | E7: Excel | F7: Có | H7: Chưa chuẩn bị
A8: 4 | B8: Quy đổi đơn vị tính | C8: Vật tư, đơn vị gốc, đơn vị quy đổi, hệ số (VD: 1 thùng = 24 hộp). | E8: Excel | F8: Không | H8: Chưa chuẩn bị
A9: 5 | B9: Loại / nhóm vật tư | C9: Mã, tên, nhóm cha. | E9: Excel | F9: Có | H9: Chưa chuẩn bị
A10: 6 | B10: Vật tư, hàng hóa | C10: Mã, tên, quy cách, đơn vị tính, nhóm, mã vạch, theo dõi lô/hạn dùng (Có/Không), giá mua/bán tham khảo. | E10: Excel | F10: Có | H10: Chưa chuẩn bị
A11: 7 | B11: Kho | C11: Mã, tên, địa chỉ, thủ kho, thuộc DVCS. | E11: Excel | F11: Có | H11: Chưa chuẩn bị
A12: 8 | B12: Vị trí trong kho | C12: Kho, mã vị trí (khu/kệ/tầng/ô), mô tả. | E12: Excel | F12: Không | H12: Chưa chuẩn bị
A13: 9 | B13: Định mức tồn kho | C13: Vật tư, kho, tồn tối thiểu, tồn tối đa. | E13: Excel | F13: Không | H13: Chưa chuẩn bị
A14: 10 | B14: Khách hàng | C14: Mã, tên, MST, địa chỉ, người liên hệ, điện thoại, email, hạn mức / hạn thanh toán. | E14: Excel | F14: Có | H14: Chưa chuẩn bị
A15: 11 | B15: Nhà cung cấp | C15: Mã, tên, MST, địa chỉ, người liên hệ, điện thoại, email, điều khoản thanh toán. | E15: Excel | F15: Có | H15: Chưa chuẩn bị
A16: 12 | B16: Nhân viên | C16: Mã, họ tên, phòng ban, chức vụ, ngày vào làm, điện thoại, email. | E16: Excel | F16: Không | H16: Chưa chuẩn bị
... A19: 15 | B19: Số dư tài khoản đầu kỳ | C19: Tài khoản, dư nợ, dư có tại ngày bắt đầu nhập liệu (nếu dùng phân hệ tài chính). | E19: Excel | F19: Không | H19: Chưa chuẩn bị

Sheet 6. Nhân sự & Lịch
A1: ĐẦU MỐI VÀ LỊCH TRIỂN KHAI
A2: Danh sách người phía khách hàng tham gia và lịch làm việc tại hiện trường.
A4: Vai trò trong dự án | B4: Họ và tên | C4: Chức vụ / phòng ban | D4: Điện thoại | E4: Email | F4: Ghi chú
A5: Trưởng dự án phía KH (người quyết định)
A6: Phụ trách IT / quản trị hệ thống
A7: Đầu mối nghiệp vụ Kho
A8: Đầu mối nghiệp vụ Bán hàng / Mua hàng
A9: Đầu mối Kế toán / Tài chính
A10: Đầu mối Nhân sự
A11: Người ký nghiệm thu
A14: Hạng mục công việc | B14: Ngày dự kiến | C14: Thời lượng | D14: Người tham gia (KH) | E14: Địa điểm | F14: Ghi chú
A15: Khảo sát hạ tầng | C15: ½ ngày
A16: Cài đặt máy chủ, CSDL, ứng dụng | C16: 1 ngày
A17: Thiết lập hệ thống & phân quyền | C17: 1 ngày
A18: Nhập dữ liệu danh mục & số dư đầu kỳ | C18: 1–2 ngày
A19: Đào tạo quản trị (IT) | C19: ½ ngày
A20: Đào tạo người dùng theo phân hệ | C20: 1–2 ngày
A21: Chạy thử song song | C21: 1–2 tuần
A22: Nghiệm thu & bàn giao | C22: ½ ngày
